result:,Sample,BCA,562,y=nanx^1+nan,1,nan,nan_nan,ng/uL,0.5,20180402135121.csv,
data:,-0.00595729,3
data:,0.0134543,6
data:,0.00602417,9
data:,-0.0110267,13
data:,-0.011109,16